CMPD_CHEMBLID	CYP3A4	hERG_pIC50
CHEMBL2146755	*	8.3
CHEMBL2046888	*	5.5
CHEMBL1172205	*	5.1
CHEMBL1171646	*	4.89
CHEMBL1173017	*	5.42
CHEMBL2012244	*	6.12
CHEMBL1683445	*	4.68
CHEMBL1683443	8.85	4.59
CHEMBL564144	*	5.85
CHEMBL1092126	*	6.04
CHEMBL3221511	*	4.2
CHEMBL3217925	*	4.16
CHEMBL3219106	*	4.51
CHEMBL3219110	*	4.42
CHEMBL3219109	*	4.96
CHEMBL3219108	*	5.05
CHEMBL3220879	*	5.31
CHEMBL1257347	*	8.55
CHEMBL1257226	*	7.89
CHEMBL2325742	*	5.04
CHEMBL3823030	4.68	4.54
CHEMBL1083646	*	6.92
CHEMBL381965	*	5.75
CHEMBL204573	*	5.55
CHEMBL381555	*	5.71
CHEMBL256362	*	5.1
CHEMBL257478	*	4.92
CHEMBL428777	*	4.85
CHEMBL403774	*	5
CHEMBL2031876	*	4.98
CHEMBL1086033	*	4.27
CHEMBL1084826	*	4.4
CHEMBL1084314	*	4.75
CHEMBL1082781	*	4.58
CHEMBL1082447	*	4.7
CHEMBL1084560	*	4.92
CHEMBL1084582	*	4.4
CHEMBL1086032	*	4.4
CHEMBL2031885	*	5.02
CHEMBL511658	*	5.04
CHEMBL2086687	*	4.92
CHEMBL513875	*	5.5
CHEMBL511815	*	5
CHEMBL470217	*	5.5
CHEMBL469376	*	5.2
CHEMBL523134	*	5.76
CHEMBL1779545	*	5.82
CHEMBL1092663	*	5.29
CHEMBL1090528	*	6.21
CHEMBL556506	*	5.85
CHEMBL1092599	*	5.72
CHEMBL1092598	*	5.43
CHEMBL3330655	*	4.85
CHEMBL3221514	*	4.2
CHEMBL3220878	*	5.89
CHEMBL1257227	*	8.75
CHEMBL2325743	*	5.17
CHEMBL3822947	*	4.64
CHEMBL1094521	*	6.47
CHEMBL3330654	*	5.48
CHEMBL3747669	*	4.96
CHEMBL3747266	*	4.97
CHEMBL478395	*	5.28
CHEMBL2031877	*	4.92
CHEMBL477360	*	5.22
CHEMBL3593779	*	4.54
CHEMBL471047	*	4.9
CHEMBL3422010	4.3	4.62
CHEMBL3422243	*	5.32
CHEMBL3422241	*	5.32
CHEMBL3422242	*	5.68
CHEMBL1644470	*	8.89
CHEMBL2069502	*	6.42
CHEMBL492447	*	6.17
CHEMBL2324520	*	4.68
CHEMBL3408384	*	4.54
CHEMBL3408383	*	4.49
CHEMBL1649933	*	5.3
CHEMBL3823278	*	5.28
CHEMBL3823659	*	5.27
CHEMBL3822989	*	5.14
CHEMBL3823929	*	4.57
CHEMBL3823914	*	4.64
CHEMBL3822583	*	4.68
CHEMBL2391935	*	5.92
CHEMBL3085128	*	6.34
CHEMBL3085124	*	5.92
CHEMBL3794533	*	5.47
CHEMBL3793717	*	4.38
CHEMBL3329813	*	4.6
CHEMBL404852	*	5
CHEMBL2391994	*	4.16
CHEMBL204408	*	5.82
CHEMBL3237571	*	5.9
CHEMBL3746226	*	5.16
CHEMBL488468	*	5.71
CHEMBL1080790	*	4.78
CHEMBL3092631	*	5.34
CHEMBL3354688	*	6.18
CHEMBL3359261	*	4.68
CHEMBL3787069	*	4.35
CHEMBL2204252	*	5.26
CHEMBL2164361	*	5.37
CHEMBL1258846	*	8.33
CHEMBL1094847	*	6.42
CHEMBL3613446	*	5.2
CHEMBL3613448	*	5.37
CHEMBL3613443	*	6.36
CHEMBL379690	*	5.62
CHEMBL1649931	*	4.92
CHEMBL398525	*	6.66
CHEMBL400236	*	6.56
CHEMBL479036	*	5.41
CHEMBL561397	*	4.82
CHEMBL2179804	*	5.96
CHEMBL2179805	*	6.52
CHEMBL3237559	*	5.1
CHEMBL53089	*	5
CHEMBL3237573	*	6
CHEMBL1834799	*	4.77
CHEMBL243901	*	5.9
CHEMBL256015	*	5.7
CHEMBL256016	*	5.4
CHEMBL3577939	*	5.57
CHEMBL1080787	*	4.7
CHEMBL3092632	*	5.22
CHEMBL464600	*	4.5
CHEMBL563137	*	5.5
CHEMBL2177343	*	5.74
CHEMBL561882	*	5.17
CHEMBL1092678	*	5.52
CHEMBL1091605	*	4.52
CHEMBL142992	*	5.23
CHEMBL1762808	*	6
CHEMBL488251	*	5.52
CHEMBL469567	*	5.3
CHEMBL510436	*	5.52
CHEMBL455427	*	5
CHEMBL488085	*	4.75
CHEMBL488084	*	4.77
CHEMBL487066	*	5.16
CHEMBL454648	*	5.22
CHEMBL455429	*	4.7
CHEMBL453862	*	4.96
CHEMBL509881	*	4.7
CHEMBL1290059	*	5.2
CHEMBL272086	*	5.6
CHEMBL272478	*	5.4
CHEMBL2036758	*	5.89
CHEMBL258175	*	5.15
CHEMBL2036782	*	4.22
CHEMBL2036775	*	5.2
CHEMBL3582335	*	4.55
CHEMBL3359262	*	4.64
CHEMBL456172	*	4.5
CHEMBL2031870	*	5.21
CHEMBL1241998	*	5.6
CHEMBL1784517	*	4.89
CHEMBL3289444	*	5.56
CHEMBL3221488	*	4.5
CHEMBL3221494	*	4.8
CHEMBL3221497	*	4.6
CHEMBL3221500	*	4.2
CHEMBL3221493	*	4.2
CHEMBL3221502	*	4.3
CHEMBL3221496	*	4.1
CHEMBL2403108	*	4.34
CHEMBL2403845	*	5.28
CHEMBL1836214	*	4.7
CHEMBL1836215	4.82	4.89
CHEMBL2204251	*	4.95
CHEMBL3218914	*	5.17
CHEMBL3634825	*	6
CHEMBL2164380	*	4.51
CHEMBL494478	*	5.66
CHEMBL2146866	*	8.41
CHEMBL24072	*	7.19
CHEMBL2164360	*	5.07
CHEMBL273165	*	5
CHEMBL270239	*	4.9
CHEMBL242603	*	5.9
CHEMBL3794292	*	4.31
CHEMBL2146865	*	8.51
CHEMBL487053	*	6.05
CHEMBL1258616	*	8.8
CHEMBL1258615	*	8.22
CHEMBL1258724	*	8.31
CHEMBL1258962	*	8.43
CHEMBL564741	*	5.9
CHEMBL2325997	*	5.14
CHEMBL2164393	*	5.14
CHEMBL568361	*	6.28
CHEMBL1172999	*	5.52
CHEMBL583093	*	4.37
CHEMBL583091	*	4.1
CHEMBL1097841	*	6.42
CHEMBL518922	*	4.96
CHEMBL379224	*	6.44
CHEMBL383048	*	5.71
CHEMBL2164367	*	4.96
CHEMBL1089343	*	4.56
CHEMBL1095476	*	5.06
CHEMBL2385102	*	6.71
CHEMBL2387230	*	6.65
CHEMBL2387260	*	6.8
CHEMBL478616	*	5.8
CHEMBL478615	*	5.17
CHEMBL478406	*	5
CHEMBL479242	*	5.18
CHEMBL476373	*	5
CHEMBL487063	*	5.07
CHEMBL1602123	4.5	*
CHEMBL1395303	4.8	*
CHEMBL1474795	4.8	*
CHEMBL1435886	4.9	*
CHEMBL1514455	5.5	*
CHEMBL1574476	5.1	*
CHEMBL1433950	4.8	*
CHEMBL1315820	4.8	*
CHEMBL1437273	5.2	*
CHEMBL1395402	5.1	*
CHEMBL1552588	5	*
CHEMBL1945845	*	5.16
CHEMBL2012178	*	5.6
CHEMBL3792542	*	5.23
CHEMBL2441417	*	4.7
CHEMBL3792966	*	4.48
CHEMBL3692706	*	4.54
CHEMBL443090	*	5
CHEMBL492396	*	4.64
CHEMBL3785865	*	4.34
CHEMBL1224142	*	5.96
CHEMBL1095158	*	5.28
CHEMBL498042	*	4.7
CHEMBL1779532	*	6.05
CHEMBL3612807	*	4.55
CHEMBL3699563	*	6.24
CHEMBL1079814	*	6.4
CHEMBL2441414	*	5.85
CHEMBL2023923	*	4.8
CHEMBL1224215	*	6
CHEMBL3086038	*	5.82
CHEMBL2441426	*	5
CHEMBL3627896	*	5.52
CHEMBL3650825	*	5.31
CHEMBL399791	*	4.54
CHEMBL429115	*	4.71
CHEMBL1910546	*	6.01
CHEMBL3793380	*	4.28
CHEMBL1096182	5.48	6
CHEMBL2023925	*	5.4
CHEMBL3792700	*	5.04
CHEMBL2041182	*	4.42
CHEMBL1224140	*	6.18
CHEMBL3422237	*	5.8
CHEMBL2333606	*	4.47
CHEMBL2441423	*	4.85
CHEMBL568296	*	4.68
CHEMBL3696120	*	5.96
CHEMBL2158774	*	5.2
CHEMBL398618	*	6.71
CHEMBL492448	*	6.34
CHEMBL3774791	*	7
CHEMBL3359234	*	6.02
CHEMBL2440398	*	4.36
CHEMBL2440383	*	4.73
CHEMBL2158814	*	4.6
CHEMBL1834788	*	4.57
CHEMBL1834791	*	4.75
CHEMBL494767	*	4.8
CHEMBL1257821	*	9.85
CHEMBL1257578	*	9.59
CHEMBL1910545	*	6.44
CHEMBL2012267	*	5.56
CHEMBL3221490	*	4.4
CHEMBL2036762	*	5.15
CHEMBL3237561	*	4.7
CHEMBL402087	*	6.6
CHEMBL429132	*	6.1
CHEMBL244946	*	5.7
CHEMBL411293	*	6.6
CHEMBL406678	*	5.6
CHEMBL1241913	4	4.5
CHEMBL1242436	*	6.3
CHEMBL1242533	*	5.9
CHEMBL1242623	*	6
CHEMBL1242717	*	4.5
CHEMBL1242081	*	6.2
CHEMBL1242167	*	6.3
CHEMBL1242257	*	6.7
CHEMBL1242345	*	6.7
CHEMBL1241548	*	6.4
CHEMBL1241547	*	6.4
CHEMBL1242904	*	5.8
CHEMBL256658	*	5.6
CHEMBL2158773	*	5.2
CHEMBL1172204	*	5.66
CHEMBL1173077	*	5.39
CHEMBL1172734	*	5.42
CHEMBL1173018	*	5.06
CHEMBL1173142	*	6.05
CHEMBL2164356	*	5.18
CHEMBL1257937	*	9.28
CHEMBL2012266	*	6.03
CHEMBL1289609	*	5.7
CHEMBL1171824	*	5.19
CHEMBL3233058	*	5
CHEMBL2164369	*	5.25
CHEMBL2022941	*	5.1
CHEMBL472168	*	5.57
CHEMBL1257938	*	9.21
CHEMBL2012265	*	5.5
CHEMBL2041192	*	4.51
CHEMBL2041189	*	4.8
CHEMBL2041187	*	4.72
CHEMBL2041183	*	4.68
CHEMBL2041184	*	4.66
CHEMBL2041193	*	4.66
CHEMBL2041190	*	5.14
CHEMBL2041188	*	4.64
CHEMBL2041186	*	5.11
CHEMBL1950489	*	5.59
CHEMBL3806193	*	5.84
CHEMBL3805101	*	5.79
CHEMBL3805844	*	5.67
CHEMBL3805216	*	5.57
CHEMBL515477	*	5.19
CHEMBL257717	*	6.6
CHEMBL2012179	*	5.85
CHEMBL2146867	*	9.12
CHEMBL3221531	*	4.21
CHEMBL3221492	*	4.4
CHEMBL2204261	*	4.55
CHEMBL494406	*	5.05
CHEMBL556450	*	5.42
CHEMBL3422236	*	5.64
CHEMBL1095151	*	5.8
CHEMBL1095150	*	5.96
CHEMBL487912	*	7.4
CHEMBL3612814	*	4.77
CHEMBL3793685	*	5.07
CHEMBL3422012	4.52	4.57
CHEMBL3359220	*	6.55
CHEMBL3128180	4.38	4.92
CHEMBL1784464	*	4.6
CHEMBL1784468	*	4.1
CHEMBL603052	*	4.79
CHEMBL1834797	*	4.6
CHEMBL1289610	*	4.3
CHEMBL3627895	*	5.27
CHEMBL1079481	*	6
CHEMBL1257809	*	5.8
CHEMBL255621	*	5.2
CHEMBL2207500	*	4.96
CHEMBL3822587	*	4.66
CHEMBL488730	*	5.89
CHEMBL1257925	*	5.9
CHEMBL272336	5.33	5.89
CHEMBL429734	4.7	5.75
CHEMBL255389	4.72	5.21
CHEMBL255806	*	5.6
CHEMBL272694	*	5.3
CHEMBL257901	*	4.9
CHEMBL255827	*	4.5
CHEMBL256650	*	4.3
CHEMBL395742	*	7.6
CHEMBL243709	*	5.7
CHEMBL243474	*	6.4
CHEMBL1910310	*	6.06
CHEMBL2207501	*	5.02
CHEMBL2070944	*	4.8
CHEMBL1649930	*	5.3
CHEMBL252031	*	6.74
CHEMBL253022	*	6.79
CHEMBL3758397	*	5.54
CHEMBL1289093	*	4.89
CHEMBL1289094	*	5.59
CHEMBL1289214	*	5.42
CHEMBL476723	*	5.3
CHEMBL3604693	*	6.16
CHEMBL564812	*	4.82
CHEMBL3237556	*	5.2
CHEMBL300907	*	5.46
CHEMBL2376800	*	4.46
CHEMBL1834798	*	4.64
CHEMBL1095121	*	5.85
CHEMBL1099069	*	5.29
CHEMBL557648	*	6.27
CHEMBL255417	*	5.5
CHEMBL255778	*	5.9
CHEMBL257524	*	5.4
CHEMBL401752	*	6.3
CHEMBL272545	*	5.3
CHEMBL272546	*	5.2
CHEMBL3577937	*	6.44
CHEMBL3093971	*	5.29
CHEMBL3093967	*	5.45
CHEMBL3093978	*	5.72
CHEMBL3093974	*	5.36
CHEMBL3093970	*	5.46
CHEMBL3093966	*	5.11
CHEMBL590036	*	6.64
CHEMBL589069	*	7.27
CHEMBL591501	*	5.75
CHEMBL563117	*	5.3
CHEMBL562478	*	5.37
CHEMBL1939737	*	4.96
CHEMBL1946620	*	4.8
CHEMBL494462	*	5.1
CHEMBL557257	*	5.35
CHEMBL1819137	*	5.23
CHEMBL1762807	*	6.1
CHEMBL519067	*	5.77
CHEMBL472290	*	5.1
CHEMBL1290058	*	5.6
CHEMBL3582340	*	5.11
CHEMBL3219105	*	4.27
CHEMBL2036751	*	5.68
CHEMBL402542	*	5.08
CHEMBL2036780	*	5
CHEMBL2036773	*	5.1
CHEMBL3580681	*	4.29
CHEMBL3582339	*	5.11
CHEMBL367169	*	6
CHEMBL172854	*	4.85
CHEMBL551412	*	4.92
CHEMBL2031884	*	5.13
CHEMBL2031869	*	4.8
CHEMBL564513	*	6.4
CHEMBL1512027	4.5	*
CHEMBL1316796	4.9	*
CHEMBL1336793	5	*
CHEMBL1517999	4.8	*
CHEMBL1324529	4.6	*
CHEMBL1523314	4.9	*
CHEMBL1590321	4.7	*
CHEMBL1445473	4.9	*
CHEMBL1475686	5	*
CHEMBL1533214	5.2	*
CHEMBL1558135	4.8	*
CHEMBL1592452	4.8	*
CHEMBL1377706	4.6	*
CHEMBL1602568	5	*
CHEMBL1375046	4.9	*
CHEMBL1369824	5.4	*
CHEMBL1319312	5.3	*
CHEMBL1516163	5.1	*
CHEMBL1358252	4.8	*
CHEMBL1437176	5.2	*
CHEMBL1316491	4.8	*
CHEMBL1592804	5.1	*
CHEMBL1592966	4.6	*
CHEMBL1611646	5.2	*
CHEMBL1376290	4.9	*
CHEMBL1316463	4.9	*
CHEMBL1474471	4.8	*
CHEMBL1395431	4.8	*
CHEMBL1450805	5.1	*
CHEMBL1515253	4.8	*
CHEMBL1395974	4.5	*
CHEMBL1474410	5.1	*
CHEMBL1552150	5.1	*
CHEMBL1436179	4.8	*
CHEMBL1316353	4.8	*
CHEMBL1591635	4.8	*
CHEMBL1593663	5.2	*
CHEMBL1600620	5.3	*
CHEMBL1373259	5.6	*
CHEMBL1592964	5.2	*
CHEMBL1590270	4.8	*
CHEMBL1594020	4.8	*
CHEMBL1512023	4.8	*
CHEMBL1455570	4.9	*
CHEMBL1478772	4.7	*
CHEMBL1572173	4.8	*
CHEMBL1784516	*	4.52
CHEMBL1289203	*	4.96
CHEMBL1289083	*	4.77
CHEMBL3408388	*	5.03
CHEMBL3408387	*	4.98
CHEMBL3422982	*	8.1
CHEMBL2336056	*	5.46
CHEMBL3289442	*	5.44
CHEMBL2336055	*	6.1
CHEMBL3289440	*	5.72
CHEMBL3221485	*	4.2
CHEMBL3221495	*	5
CHEMBL3221504	*	4.7
CHEMBL3221498	*	4.2
CHEMBL3221487	*	4.8
CHEMBL3422954	*	8.92
CHEMBL2204249	*	4.84
CHEMBL3605140	*	6.4
CHEMBL3218912	*	4.85
CHEMBL1209070	*	5.67
CHEMBL536991	*	4.5
CHEMBL1762815	*	6.6
CHEMBL1762814	*	6.5
CHEMBL3288810	*	6.22
CHEMBL1209126	*	5.75
CHEMBL559206	*	4.2
CHEMBL3086037	*	5.72
CHEMBL1474475	5.3	*
CHEMBL1327059	4.6	*
CHEMBL1363622	4.5	*
CHEMBL1496664	4.8	*
CHEMBL3805081	*	5.84
CHEMBL3805396	*	5.2
CHEMBL2171033	*	5
CHEMBL2036763	*	4.55
CHEMBL597241	*	5.48
CHEMBL554336	*	5.04
CHEMBL2031882	*	4.49
CHEMBL1946621	*	4.75
CHEMBL561805	*	4.64
CHEMBL2031874	*	4.96
CHEMBL1241824	*	5.4
CHEMBL3823095	*	5.11
CHEMBL1489016	4.5	*
CHEMBL1476139	4.9	*
CHEMBL1397151	5.6	*
CHEMBL1327772	5.3	*
CHEMBL1590341	4.6	*
CHEMBL1417135	4.8	*
CHEMBL1595910	5.5	*
CHEMBL1551295	4.4	*
CHEMBL1411543	7.6	*
CHEMBL1399313	5.5	*
CHEMBL1395882	4.5	*
CHEMBL1481127	5	*
CHEMBL1596743	5.2	*
CHEMBL1555567	5.4	*
CHEMBL1474302	5	*
CHEMBL1398528	4.7	*
CHEMBL1456076	5.2	*
CHEMBL1397177	5.5	*
CHEMBL1591190	4.8	*
CHEMBL455511	*	5.47
CHEMBL3314362	*	4.89
CHEMBL3314349	*	5.31
CHEMBL443922	*	5.67
CHEMBL1092600	*	6.05
CHEMBL559251	*	5.26
CHEMBL657	*	4.5
CHEMBL900	*	6.07
CHEMBL564948	*	5.6
CHEMBL560270	*	5.8
CHEMBL562948	*	5.4
CHEMBL1939738	*	4.82
CHEMBL549375	*	4.82
CHEMBL551269	*	5.03
CHEMBL1496243	4.7	*
CHEMBL1603692	4.6	*
CHEMBL1436042	4.7	*
CHEMBL1598565	5.5	*
CHEMBL1396997	5	*
CHEMBL508712	*	5.7
CHEMBL488249	*	5.25
CHEMBL469589	*	5.2
CHEMBL469375	*	5.3
CHEMBL469374	*	5.4
CHEMBL469345	*	5.4
CHEMBL1083616	*	7.92
CHEMBL1083304	*	7.68
CHEMBL1950490	*	4.75
CHEMBL1441843	4.7	*
CHEMBL1314906	4.9	*
CHEMBL1434022	4.8	*
CHEMBL1397454	4.8	*
CHEMBL1395137	4.9	*
CHEMBL3422238	*	5.31
CHEMBL2333607	*	5.05
CHEMBL2333637	*	4.89
CHEMBL2181296	*	4.79
CHEMBL2181490	*	5.09
CHEMBL1593926	4.9	*
CHEMBL1443425	4.6	*
CHEMBL1455767	4.4	*
CHEMBL1610003	4.6	*
CHEMBL1553179	5.3	*
CHEMBL1475589	4.6	*
CHEMBL1439673	4.9	*
CHEMBL1335967	5	*
CHEMBL1590886	5	*
CHEMBL1326152	4.8	*
CHEMBL1591487	4.5	*
CHEMBL1325335	4.6	*
CHEMBL1473793	4.6	*
CHEMBL1590242	4.7	*
CHEMBL1435899	4.8	*
CHEMBL1513134	4.7	*
CHEMBL1597209	4.6	*
CHEMBL1397257	4.8	*
CHEMBL1396142	4.8	*
CHEMBL1520681	5.3	*
CHEMBL1319286	4.9	*
CHEMBL1356771	5	*
CHEMBL1592517	4.8	*
CHEMBL1327708	4.6	*
CHEMBL1477964	4.8	*
CHEMBL1834789	*	4.62
CHEMBL1834793	5.17	4.36
CHEMBL380684	*	7
CHEMBL206983	*	5.9
CHEMBL403594	*	4.5
CHEMBL2031881	*	5.43
CHEMBL2041178	*	5.07
CHEMBL2031883	*	4.77
CHEMBL2031868	*	4.54
CHEMBL453655	*	4.92
CHEMBL455651	*	4.72
CHEMBL455428	*	4.8
CHEMBL1241912	4	5.8
CHEMBL3823962	*	4.92
CHEMBL453631	*	5.57
CHEMBL453630	*	5.52
CHEMBL488437	*	5.17
CHEMBL444203	*	5.28
CHEMBL513629	*	5.61
CHEMBL461631	*	5.43
CHEMBL527094	*	6.11
CHEMBL487221	*	5.42
CHEMBL2376805	*	4.89
CHEMBL507884	*	5.88
CHEMBL401819	*	5.41
CHEMBL272493	*	5.43
CHEMBL488060	*	5.25
CHEMBL488434	*	5.13
CHEMBL475121	*	5.76
CHEMBL451330	*	5.98
CHEMBL447864	*	5.79
CHEMBL452091	*	5.75
CHEMBL462387	*	6.19
CHEMBL449048	*	5.68
CHEMBL500329	*	6.16
CHEMBL488912	*	5.41
CHEMBL3758674	*	5.95
CHEMBL3219115	*	4.44
CHEMBL3219120	*	4.75
CHEMBL3217923	*	5.13
CHEMBL3217922	*	5.16
CHEMBL387838	*	4.19
CHEMBL230704	*	4.21
CHEMBL231315	*	4.62
CHEMBL230598	*	4.07
CHEMBL3422953	*	8.54
CHEMBL3422967	*	8.28
CHEMBL3612802	*	5.89
CHEMBL3612804	*	5.92
CHEMBL3612803	*	5.96
CHEMBL2017416	*	6.08
CHEMBL2017415	*	6.37
CHEMBL2017414	*	6.06
CHEMBL3608322	*	5.22
CHEMBL3609626	*	5.45
CHEMBL1809075	*	4.85
CHEMBL1809071	*	4.82
CHEMBL1809074	*	5.03
CHEMBL1809070	*	5.09
CHEMBL1809072	*	4.8
CHEMBL1809069	*	4.85
CHEMBL3612797	*	5.55
CHEMBL2146876	*	5.8
CHEMBL3612796	*	5.68
CHEMBL3353409	*	4.81
CHEMBL3353410	*	4.79
CHEMBL3612925	*	4.8
CHEMBL3612810	*	4.48
CHEMBL1952142	5.35	5.5
CHEMBL2043326	*	4.64
CHEMBL2043172	*	5.24
CHEMBL2041177	*	6.19
CHEMBL2041179	*	5.05
CHEMBL2043168	*	5.19
CHEMBL2043325	*	4.89
CHEMBL2043324	*	4.27
CHEMBL2041180	*	4.34
CHEMBL2041181	*	5.15
CHEMBL3422968	*	8.75
CHEMBL2158776	*	5
CHEMBL563052	*	5.33
CHEMBL1403769	4.5	*
CHEMBL1612620	5.2	*
CHEMBL1593219	5	*
CHEMBL1552957	4.6	*
CHEMBL1437164	4.8	*
CHEMBL1317451	4.8	*
CHEMBL1569529	4.9	*
CHEMBL1552542	5.4	*
CHEMBL1592560	4.4	*
CHEMBL1436865	4.9	*
CHEMBL1493644	5.5	*
CHEMBL1354693	4.7	*
CHEMBL1551049	5.3	*
CHEMBL1355201	5.2	*
CHEMBL1321887	5.4	*
CHEMBL1482155	4.9	*
CHEMBL1457390	4.6	*
CHEMBL1443480	4.6	*
CHEMBL1515945	7.3	*
CHEMBL1492215	5.5	*
CHEMBL1474056	5.6	*
CHEMBL1487191	5.4	*
CHEMBL1325879	4.9	*
CHEMBL1440509	5	*
CHEMBL3786272	*	5
CHEMBL3787134	*	4.68
CHEMBL1613338	4.7	*
CHEMBL1610995	5.5	*
CHEMBL1513280	4.6	*
CHEMBL1356004	4.9	*
CHEMBL1435889	4.6	*
CHEMBL1434411	4.8	*
CHEMBL1355010	4.7	*
CHEMBL1591674	4.6	*
CHEMBL1516276	4.5	*
CHEMBL1316647	4.7	*
CHEMBL1597434	4.9	*
CHEMBL1457544	5	*
CHEMBL1553808	5.8	*
CHEMBL1356256	4.9	*
CHEMBL1443741	4.6	*
CHEMBL1314225	4.8	*
CHEMBL1518947	4.8	*
CHEMBL1317314	5.1	*
CHEMBL1362416	5.8	*
CHEMBL1513740	4.8	*
CHEMBL3330811	*	4.97
CHEMBL3330823	*	5.01
CHEMBL585163	*	4.8
CHEMBL572153	*	4.95
CHEMBL557932	*	6.05
CHEMBL2204244	*	4.43
CHEMBL1090175	*	5.47
CHEMBL1092258	*	5.68
CHEMBL1916540	*	4.64
CHEMBL3758288	*	4.39
CHEMBL3759768	*	4.42
CHEMBL3760108	*	4.78
CHEMBL3126842	*	4.59
CHEMBL3785555	*	4.52
CHEMBL3785621	*	4.62
CHEMBL1916539	*	4.47
CHEMBL3422759	*	4.56
CHEMBL2158050	*	4.63
CHEMBL3753902	*	5.4
CHEMBL3754192	*	5.19
CHEMBL3604691	*	5.7
CHEMBL3604800	*	5.52
CHEMBL3604799	*	5.75
CHEMBL3305005	*	5.68
CHEMBL3604694	*	5.92
CHEMBL3604692	*	5.34
CHEMBL3604798	*	6.05
CHEMBL3604690	*	5.37
CHEMBL3604688	*	5.89
CHEMBL2382343	*	4.32
CHEMBL2382364	*	5.14
CHEMBL2382372	*	4.51
CHEMBL2382345	*	5
CHEMBL2382342	*	4.99
CHEMBL2382287	*	4.6
CHEMBL2382341	*	4.91
CHEMBL2159976	*	4.68
CHEMBL3422755	*	5.89
CHEMBL1555156	4.9	*
CHEMBL1408286	4.6	*
CHEMBL1440650	5.2	*
CHEMBL1514819	4.8	*
CHEMBL1551962	5.6	*
CHEMBL1436811	4.8	*
CHEMBL1552814	4.6	*
CHEMBL1512756	4.8	*
CHEMBL1450455	4.6	*
CHEMBL1476288	4.5	*
CHEMBL1474578	4.9	*
CHEMBL1406879	4.8	*
CHEMBL1611820	4.8	*
CHEMBL1455438	4.6	*
CHEMBL1556431	4.8	*
CHEMBL1395219	4.8	*
CHEMBL1415465	4.7	*
CHEMBL1437007	4.8	*
CHEMBL1515194	4.8	*
CHEMBL1323124	4.8	*
CHEMBL1566442	5.3	*
CHEMBL1484120	5.4	*
CHEMBL1317924	5	*
CHEMBL1551841	5.5	*
CHEMBL1476670	4.9	*
CHEMBL1512744	5.4	*
CHEMBL1370169	6.1	*
CHEMBL1365616	4.9	*
CHEMBL1436521	5.1	*
CHEMBL1314371	5.4	*
CHEMBL1457317	5.1	*
CHEMBL1404317	5.5	*
CHEMBL1476791	5.1	*
CHEMBL1408176	5.4	*
CHEMBL1554453	5.1	*
CHEMBL1358807	5.6	*
CHEMBL1442250	4.9	*
CHEMBL1363467	4.8	*
CHEMBL1401672	4.8	*
CHEMBL1515246	5.7	*
CHEMBL1366061	5	*
CHEMBL1592651	5	*
CHEMBL1436917	5.2	*
CHEMBL1496345	4.8	*
CHEMBL1554308	5.5	*
CHEMBL1317884	5	*
CHEMBL1551284	5	*
CHEMBL1527923	5.7	*
CHEMBL1329499	5.5	*
CHEMBL1436075	5.2	*
CHEMBL1355720	5.8	*
CHEMBL1573555	5.2	*
CHEMBL1591275	4.8	*
CHEMBL1356721	5.4	*
CHEMBL1323385	5.1	*
CHEMBL1594086	5	*
CHEMBL1590645	5.2	*
CHEMBL1316779	5.7	*
CHEMBL1417837	5.4	*
CHEMBL1375753	5.5	*
CHEMBL1407035	5.1	*
CHEMBL563779	*	5.42
CHEMBL550517	*	5.6
CHEMBL560863	*	5.54
CHEMBL562722	*	5.16
CHEMBL550050	*	5.32
CHEMBL2158775	*	5
CHEMBL3422979	*	7.81
CHEMBL3318997	5.03	5
CHEMBL3318990	*	5.35
CHEMBL3318992	*	5.85
CHEMBL3318989	*	6
CHEMBL2204246	*	4.67
CHEMBL2147221	*	5.2
CHEMBL2147210	*	5
CHEMBL1368643	4.6	*
CHEMBL1454153	4.7	*
CHEMBL1554791	4.8	*
CHEMBL1535372	5.3	*
CHEMBL1512444	4.6	*
CHEMBL1336932	5	*
CHEMBL1442106	4.8	*
CHEMBL1515565	4.6	*
CHEMBL1554088	4.9	*
CHEMBL1405909	4.6	*
CHEMBL1455462	5.5	*
CHEMBL1521133	5.5	*
CHEMBL1355089	5.5	*
CHEMBL1410926	5.2	*
CHEMBL1415406	5.1	*
CHEMBL1551051	5.4	*
CHEMBL1571679	5.6	*
CHEMBL1356485	5.1	*
CHEMBL1395620	5.5	*
CHEMBL1569718	4.7	*
CHEMBL1595371	5.5	*
CHEMBL1414780	4.8	*
CHEMBL1330296	4.6	*
CHEMBL1475284	4.6	*
CHEMBL1590230	5	*
CHEMBL1552071	5.2	*
CHEMBL1325701	5.3	*
CHEMBL1315380	5.6	*
CHEMBL1515401	4.9	*
CHEMBL1434833	5	*
CHEMBL1433687	5.1	*
CHEMBL1378901	4.6	*
CHEMBL1476348	4.6	*
CHEMBL1318448	5.2	*
CHEMBL1552864	4.9	*
CHEMBL1535635	4.8	*
CHEMBL1433785	4.5	*
CHEMBL1590259	4.9	*
CHEMBL1512385	5.4	*
CHEMBL1316760	5.3	*
CHEMBL1437713	4.9	*
CHEMBL1472880	5.5	*
CHEMBL1512780	5	*
CHEMBL1594044	5.9	*
CHEMBL1400043	4.8	*
CHEMBL1090176	*	5.42
CHEMBL1092597	*	5.12
CHEMBL1088900	*	5.12
CHEMBL2041185	*	5.85
CHEMBL1796062	*	5.3
CHEMBL1796063	4.7	4.75
CHEMBL1592470	4.4	*
CHEMBL1358215	5.1	*
CHEMBL1317885	4.8	*
CHEMBL1552353	4.5	*
CHEMBL1554236	4.7	*
CHEMBL1358756	4.8	*
CHEMBL1317498	4.8	*
CHEMBL1315690	4.7	*
CHEMBL1472732	4.8	*
CHEMBL1490528	4.8	*
CHEMBL1317802	4.9	*
CHEMBL1561383	4.9	*
CHEMBL1433668	4.8	*
CHEMBL1551009	5.1	*
CHEMBL1553136	5.1	*
CHEMBL1523957	5.3	*
CHEMBL1437263	5.4	*
CHEMBL1394964	4.7	*
CHEMBL1314647	5.2	*
CHEMBL1448728	4.9	*
CHEMBL1561363	5.2	*
CHEMBL1515804	5.3	*
CHEMBL1315236	4.5	*
CHEMBL1532426	4.8	*
CHEMBL1400637	5.1	*
CHEMBL1443393	4.8	*
CHEMBL1553804	4.8	*
CHEMBL1592465	4.8	*
CHEMBL1534573	4.6	*
CHEMBL1595377	5	*
CHEMBL1435912	4.9	*
CHEMBL1909649	*	5.68
CHEMBL1910307	*	5.08
CHEMBL1172998	*	5.7
CHEMBL202439	*	6.49
CHEMBL203961	*	5.7
CHEMBL379152	*	5.89
CHEMBL519252	*	6.3
CHEMBL529213	5.33	6
CHEMBL1834787	*	4.44
CHEMBL552366	*	5.2
CHEMBL3747226	*	5.05
CHEMBL2070943	*	4.6
CHEMBL2382414	*	5
CHEMBL2164392	*	5.05
CHEMBL2164381	*	4.59
CHEMBL2164389	*	5.11
CHEMBL1289503	*	5.6
CHEMBL1289715	*	5.1
CHEMBL1952113	*	5
CHEMBL2031878	*	4.95
CHEMBL1600340	4.6	*
CHEMBL1552181	5	*
CHEMBL1437119	4.7	*
CHEMBL1559279	4.8	*
CHEMBL1668238	5.12	5.85
CHEMBL522456	*	7
CHEMBL1591380	5	*
CHEMBL1375431	4.8	*
CHEMBL1523959	4.6	*
CHEMBL1535431	4.9	*
CHEMBL3806153	*	6.01
CHEMBL3805989	*	5.72
CHEMBL1395226	5.1	*
CHEMBL1557234	5.1	*
CHEMBL1358654	5.6	*
CHEMBL1436488	5.1	*
CHEMBL1315268	4.9	*
CHEMBL1405744	4.9	*
CHEMBL551347	*	5.45
CHEMBL1939739	*	5.44
CHEMBL3634821	*	5.22
CHEMBL465515	*	5.07
CHEMBL2022496	*	5.1
CHEMBL2324511	*	5.63
CHEMBL1644605	*	6.92
CHEMBL23924	*	4.14
CHEMBL23660	*	4.72
CHEMBL23110	*	4.8
CHEMBL278558	*	4.54
CHEMBL22359	*	5.23
CHEMBL3084944	*	4.77
CHEMBL3084949	*	4.66
CHEMBL277693	*	4.37
CHEMBL23891	*	4.43
CHEMBL279944	*	4.38
CHEMBL22679	*	4.4
CHEMBL283309	*	4.28
CHEMBL22310	*	4.31
CHEMBL25437	*	4.46
CHEMBL281561	*	5.22
CHEMBL281178	*	5.26
CHEMBL423108	*	5.28
CHEMBL23979	*	5.24
CHEMBL25211	*	5.55
CHEMBL550063	*	4.94
CHEMBL1224214	*	6.17
CHEMBL1223951	*	5.52
CHEMBL1257577	*	9.37
CHEMBL1258047	*	8.82
CHEMBL1223873	*	6.22
CHEMBL3593771	*	4.87
CHEMBL598194	*	5.28
CHEMBL3422235	*	4.98
CHEMBL3703237	*	5.66
CHEMBL2181298	*	5.26
CHEMBL2181489	*	5.52
CHEMBL2181297	*	4.71
CHEMBL2181488	*	4.7
CHEMBL3220877	*	4.74
CHEMBL2204259	*	4.5
CHEMBL1910321	*	6.47
CHEMBL1910322	*	5.96
CHEMBL1910309	*	6.05
CHEMBL3128178	*	5.22
CHEMBL1668239	4.48	5.14
CHEMBL2391800	*	6.16
CHEMBL2391939	*	7.42
CHEMBL439304	*	7.6
CHEMBL2391804	*	4.64
CHEMBL2391810	*	5.8
CHEMBL2391795	*	6.52
CHEMBL487827	*	4.96
CHEMBL3793857	*	5.19
CHEMBL2441437	*	4.85
CHEMBL3793471	*	4.34
CHEMBL3794155	*	5.03
CHEMBL572537	*	5.11
CHEMBL564922	*	4.98
CHEMBL2031875	*	5.06
CHEMBL550261	*	5.52
CHEMBL551414	*	4.27
CHEMBL2031871	*	4.96
CHEMBL2022939	*	4.8
CHEMBL2031872	*	5.6
CHEMBL253233	*	6.57
CHEMBL2031873	*	5.09
CHEMBL502560	5.05	5.33
CHEMBL1327915	4.8	*
CHEMBL1395605	4.8	*
CHEMBL1317172	4.8	*
CHEMBL1373621	4.8	*
CHEMBL1517718	4.8	*
CHEMBL1516331	4.9	*
CHEMBL1591533	4.4	*
CHEMBL518431	*	6.15
CHEMBL1481510	4.9	*
CHEMBL1434801	4.9	*
CHEMBL1357294	4.8	*
CHEMBL1552478	4.5	*
CHEMBL1592584	5.4	*
CHEMBL1565060	5.3	*
CHEMBL1403488	5.6	*
CHEMBL1606369	5	*
CHEMBL1593337	5.1	*
CHEMBL1476504	5.3	*
CHEMBL1394348	6	*
CHEMBL1474854	4.8	*
CHEMBL1365983	5.5	*
CHEMBL1534710	4.9	*
CHEMBL1517051	4.6	*
CHEMBL1520940	7.9	*
CHEMBL1574390	4.5	*
CHEMBL1487735	4.8	*
CHEMBL1316808	4.9	*
CHEMBL1398137	5.1	*
CHEMBL1945844	*	5.7
CHEMBL2158771	*	5.3
CHEMBL2158838	*	5.4
CHEMBL2158770	*	4.9
CHEMBL2158777	*	5.2
CHEMBL2158835	*	4.8
CHEMBL2158769	*	4.6
CHEMBL568572	*	6.28
CHEMBL246819	*	4.68
CHEMBL557306	*	5.99
CHEMBL3221523	*	4.7
CHEMBL3221529	*	4.6
CHEMBL3221528	*	4.1
CHEMBL3221517	*	5
CHEMBL3221520	*	4.4
CHEMBL564674	*	5.63
CHEMBL3221508	*	4.8
CHEMBL3221521	*	4.4
CHEMBL3221507	*	4.3
CHEMBL3330653	*	5.48
CHEMBL1094040	*	4.53
